condition	tm
2% DMSO (apo)	67.81724865
2% DMSO (apo)	67.80348857
2% DMSO (apo)	67.82644955
2% DMSO (apo)	67.89245778
2% DMSO (apo)	67.71425003
2% DMSO (apo)	67.83212714
2% DMSO (apo)	67.74957562
2% DMSO (apo)	67.79824247
500 µM benzimidazole	67.52863023
500 µM benzimidazole	67.58463024
500 µM benzimidazole	67.48066125
500 µM benzimidazole	67.72277879
500 µM benzimidazole	67.68919847
500 µM benzimidazole	67.70259358
500 µM benzimidazole	67.68713428
500 µM benzimidazole	67.66167343
